alpha,mean_char_f1
0.0,0.7829680735930736
0.5,0.7829680735930736
1.0,0.7829680735930736
1.5,0.7814799783549783
2.0,0.7559117965367965
