{
  "greedy": {
    "word_accuracy": 0.346,
    "char_precision": 0.7047651255151486,
    "char_recall": 0.8393333333333334,
    "char_f1": 0.7343010941996101,
    "mean_edit_distance": 3.194,
    "n_samples": 1000
  },
  "beam_3": {
    "word_accuracy": 0.465,
    "char_precision": 0.8099900793650794,
    "char_recall": 0.8360833333333334,
    "char_f1": 0.816014590964591,
    "mean_edit_distance": 1.009,
    "n_samples": 1000
  },
  "beam_5": {
    "word_accuracy": 0.465,
    "char_precision": 0.8093162698412698,
    "char_recall": 0.8354166666666666,
    "char_f1": 0.8153018925518926,
    "mean_edit_distance": 1.015,
    "n_samples": 1000
  },
  "beam_10": {
    "word_accuracy": 0.465,
    "char_precision": 0.8093162698412698,
    "char_recall": 0.8354166666666666,
    "char_f1": 0.8153018925518926,
    "mean_edit_distance": 1.015,
    "n_samples": 1000
  }
}