{
  "results": {
    "data": {
      "train_loss": [
        1.0832968904158038,
        0.7121959753963344,
        0.6590094521946614,
        0.645883820384093,
        0.6393481499474981,
        0.6241884054830464,
        0.6214799645173428,
        0.6173850588805383,
        0.6185115949034005,
        0.6221546222315267
      ],
      "valid_loss": [
        1.3116181790828705,
        1.1274985182285309,
        1.1063459122180939,
        1.100358599424362,
        1.0874238407611847,
        1.1929450285434724,
        1.0619451367855073,
        1.1578762805461884,
        1.004288375377655,
        1.1576630914211272
      ],
      "word_accuracy": [
        0.02328142205442819,
        0.0555293377379267,
        0.05521472392638037,
        0.060563158722667924,
        0.07597923548843795,
        0.03618058832782759,
        0.07865345288658172,
        0.034450212364322795,
        0.0924964605946201,
        0.03649520213937392
      ],
      "char_f1": [
        0.6070598570703264,
        0.6593131654779374,
        0.6719091706621958,
        0.6761653496211437,
        0.6916218331590067,
        0.6486082429282067,
        0.6938536685189806,
        0.6575286054885974,
        0.7159981262624631,
        0.671090980051505
      ],
      "char_precision": [
        0.607549318348147,
        0.6600850576823711,
        0.6646249022896729,
        0.6557047376750103,
        0.6753828481133003,
        0.6350792966909753,
        0.6776607784886267,
        0.6309341816746991,
        0.698876954027008,
        0.6422676712213182
      ],
      "char_recall": [
        0.6168851299521654,
        0.6687087229843357,
        0.6882723419496345,
        0.7072792433731607,
        0.7174515083028942,
        0.6720002984100337,
        0.7201682125917666,
        0.6977796355827861,
        0.7427800019686307,
        0.7135440183974601
      ],
      "learning_rate": [
        0.005,
        0.005,
        0.005,
        0.005,
        0.005,
        0.005,
        0.005,
        0.005,
        0.005,
        0.005
      ],
      "teacher_forcing_ratio": [
        0.5,
        0.495,
        0.49005,
        0.4851495,
        0.480298005,
        0.47549502494999996,
        0.4707400747005,
        0.46603267395349496,
        0.46137234721396003,
        0.4567586237418204
      ]
    }
  }
}