{
  "results": {
    "data": {
      "train_loss": [
        3.0425175615893605,
        1.0858731269836426,
        0.7339757001003646,
        0.5771817908719983,
        0.4722188963076038,
        0.4064636397392244,
        0.35668608927360884,
        0.3182000656948065,
        0.28921747920305835,
        0.27353953539639175
      ],
      "valid_loss": [
        1.0151597380638122,
        0.6313093435764313,
        0.5181542366743088,
        0.4825566518306732,
        0.4415388974547386,
        0.41037712156772616,
        0.3803707531094551,
        0.3645932123064995,
        0.35155259937047956,
        0.3496233236789703
      ],
      "word_accuracy": [
        0.06921503854019191,
        0.20984741230140003,
        0.24193802107912538,
        0.17901525876986,
        0.257983325467988,
        0.235803051753972,
        0.1562057574327513,
        0.20497089822243197,
        0.1720937549158408,
        0.19081327670284726
      ],
      "char_f1": [
        0.6694197551006822,
        0.7946025870879724,
        0.8154880034778612,
        0.7626567289655046,
        0.8132151484046594,
        0.7620058853647341,
        0.6866309735051855,
        0.7310442017989944,
        0.6921366606716756,
        0.7061599968954984
      ],
      "char_precision": [
        0.65633613655221,
        0.7978831106636368,
        0.8137958143461452,
        0.7224535735278494,
        0.7983238945418383,
        0.7227304971779065,
        0.620881887012067,
        0.6760611536544285,
        0.6252233147339032,
        0.6442814295454952
      ],
      "char_recall": [
        0.7087589744239481,
        0.8025047856190276,
        0.8284675850566685,
        0.8453534774750423,
        0.8519754095737533,
        0.8657140658089614,
        0.87680060256278,
        0.8820870548599141,
        0.8854660712344472,
        0.8854030415229985
      ],
      "learning_rate": [
        9.775e-05,
        0.0001955,
        0.00029325,
        0.000391,
        0.00048875,
        0.00046059586630618624,
        0.0003377337012385534,
        0.0001798179744398416,
        4.994312509933635e-05,
        2.234418677616562e-05
      ]
    }
  }
}